{"cameraMode":{"drawMode":0,"name":"Shaded","section":"Shading Mode"},"sceneLighting":true,"audioPlay":false,"sceneViewState":{"m_AlwaysRefresh":false,"showFog":true,"showSkybox":true,"showFlares":true,"showImageEffects":true,"showParticleSystems":true,"showVisualEffectGraphs":true,"m_FxEnabled":true},"in2DMode":false,"pivot":{"x":535.0237426757813,"y":850.8400268554688,"z":701.5609130859375},"rotation":{"x":0.056367792189121249,"y":0.0044927229173481468,"z":-0.00025362425367347896,"w":0.9984009861946106},"size":131.66796875,"orthographic":false}