{"cameraMode":{"drawMode":0,"name":"Shaded","section":"Shading Mode"},"sceneLighting":true,"audioPlay":false,"sceneViewState":{"m_AlwaysRefresh":false,"showFog":true,"showSkybox":true,"showFlares":true,"showImageEffects":true,"showParticleSystems":true,"showVisualEffectGraphs":true,"m_FxEnabled":true},"in2DMode":false,"pivot":{"x":436.7992858886719,"y":343.4273376464844,"z":2.7371826171875},"rotation":{"x":-0.0036016597878187896,"y":-0.008999936282634735,"z":-0.00003238440694985911,"w":0.999954104423523},"size":470.21087646484377,"orthographic":false}